<?xml version="1.0" encoding="utf-8"?>
<odoo>
    <data noupdate="1">
        <record id="customer_cron_process_prestashop_customer_queue" model="ir.cron">
            <field name="name">Prestashop : Process Customer Queue</field>
            <field name="model_id" ref="model_customer_data_queue"/>
            <field name="state">code</field>
            <field name="code">model.process_prestashop_customer_queue_using_cron()</field>
            <field name="user_id" ref="base.user_root"/>
            <field name="interval_number">3</field>
            <field name="interval_type">hours</field>
            <field name="numbercall">-1</field>
        </record>

        <record id="product_cron_process_prestashop_product_queue" model="ir.cron">
            <field name="name">Prestashop : Process Product Queue</field>
            <field name="model_id" ref="model_product_data_queue"/>
            <field name="state">code</field>
            <field name="code">model.process_prestashop_product_queue_using_cron()</field>
            <field name="user_id" ref="base.user_root"/>
            <field name="interval_number">3</field>
            <field name="interval_type">hours</field>
            <field name="numbercall">-1</field>
        </record>

        <record id="prestashop_unlink_old_record_cron" model="ir.cron">
            <field name="name">Prestashop: Delete log records older than 30 days</field>
            <field name="interval_number">1</field>
            <field name="interval_type">months</field>
            <field name="numbercall">-1</field>
            <field name="doall" eval="False"/>
            <field name="model_id" ref="model_prestashop_instance_integration"/>
            <field name="code">model.prestashop_unlink_old_records_cron()</field>
            <field name="user_id" ref="base.user_root"/>
            <field name="active" eval="True"/>
            <field name="state">code</field>
        </record>
    </data>
</odoo>
